42, "49542", dqfournine5four2jmlqcgv
75, "75", 7ggzdnjxndfive
29, "25439", twofive4threenine
27, "2757", dttwonezbgmcseven5seven
59, "59", 5vsrcnine
95, "95", 95zzbjck
19, "1459", gkoneight4fivekvktltnine
52, "53652", fiverckdmgbfthjdqpmpgdkmcklqtqc365mqtwo
41, "44754811", 44sevenhvstcbgkhm5foureight11
45, "484285", dprrtrngrfccz4eight4two8sthmfive
69, "6254779", 6twofive4seven7nine
47, "417467", four1sevenbfbnqvkbfoursix7
15, "12865", 12xpdghpeightqvztrsslgsix5smlgfjhcpst
83, "8843", 8dhzdtbeightfour3
44, "4", pttdtmhg4
66, "6876", 6eightsevendbtbxnqzxds6
29, "2359", twothree5nxglqlc9
94, "961784", nine6lqhnvbpxoneseveneightsxjfkz4vr
38, "3286198", three28jxdmlqfmc619eightwol
24, "264", 26jtdpgqjzshncxvlljfour
11, "1", qxvpsctgx1
23, "282863", 28286qdjjlgtdtnsm3hk
99, "969", 9hcj6nine
94, "9794", nineseven9sqtrpfour
13, "118463", one1eight4sixzltzrkthree
38, "3676968", threevlgfxhnf6seven6nine68
68, "618", sixonesxxbxvfnkt8
87, "85547", 8fivefivefour7sxsrvdrz
17, "117", oneone7
66, "663966", ndtkjbsix6three9gdsjlljtj6six
65, "65", cfmrfgjqgrzcmsix5
33, "3346233", 3threefour62three3vrmnmgx
78, "721758", kckdghseventwo1758
14, "1216314", mdbqqjmpvonetwo1six31fourntbfb
33, "33", lkjhjdthree3
72, "761652", qthseven61mpfnnhm6fivecnhz2
28, "28", twojrfgzjstjvlngnpqcj8grtnvxmzbxkfrvqmvnmvmbdr
18, "184178", sloneightkqbgcpnv8kqcmzfouronesevenmrfjeight
91, "97281", xdxdxg9seventwo8xcq1
77, "7", dpdgxzk7
11, "186321", 18six3twoone
15, "12735", 1twoseven3five
44, "46864", 46tkbclbkleight64
21, "271", tjprpjbshr2seven1pgfqmbmjlvsv
33, "3", 3mbjccssjgtdttvbdhdfxvldpmhcpc
53, "523", lgfrkpsfvz5ppgqphtwoznjtgxdjpm3
71, "76991", mjmlsevenggsbjbtsix9nineone
31, "39781", jqfqjqhthreenine7eightklkttdkbtmpp1
16, "15286", trptrkbone52eight6
18, "1968", onetmvsrjlbqlninesix8
11, "191", rone9ktvdqkdgl1
24, "2656544", twosix5sixgrfdft54klf4
15, "13865", thrmone3eightsixfive
31, "341", three4one
21, "2311", ppthg2three1one
76, "7426", 7vt426
26, "22486", 22foureight6
49, "41567889", fourxbhmone56seven8eightnine
11, "171", vhmsd171rgkhpgfhffnhkvt
34, "34", xgbzxszsgtthree4
58, "528", rclzfsn5twoeight
97, "989927", 989nine2seven
88, "885568", eighteight5fivensix8
55, "5", dfxzz5qcqzsjsg
34, "3854", d3eight54
52, "5372", 5knflhntzthreeseventwo
39, "314919", threeonefour9oneninebsfpq
28, "258", hjhgtjgtwotrsffive8hfntm
66, "634196", sixpmhzqrlkrthreefour1pcgvz96
54, "53314", 5three31xqcsshkkqtfblffcmcntfour
29, "299", zghcfvjsfz29nine
38, "388", 3vvvrlrjdztlhqqm88
33, "3993793", 39nine3seven93
16, "16", 1fqsgnjzrl6lrzsczc
39, "319", threepldztlnvnzdntqllpr19
93, "993", ninekgqqrgttfntrhjzlvninelr3
98, "94888", 94eighteighteight
25, "213975", two13txmtlqxskhltkrvbjrzm97five
17, "17", dbmjvszjtb17
23, "28213", twogpfttmhp8two13
42, "442", four4bqzqscdbctssgxfzjjntwonfcktjrtnxskjpkhvlfjt
89, "8359", ctxxvdsvsvjzchmxvxceightthreembnlg5ninevmcbgsvbh
41, "481", fpbrpfourqmrfcnpvxg8onehkbbgbsnnt
44, "474", 4zrrgsevenfour
68, "68948", 6eight9foureightxlgdn
63, "693", 693rzcnvlfrv
44, "4884", bcftntcfl4jxbccpcmjeightcrxsjscmxdeightmhqbnpdvcfour
63, "683", six83
44, "4", xl4
98, "98", njslckcbdfvkmkdk9eight
99, "99849", ninenineeight4nine
34, "34", jkzvq3fourzzvdzdft
99, "9", bfqpb9
82, "86442", eight6nlzdskjfourbmdvcrcgrshbjcxfour2
79, "72989", 7zhlxtqtbjxqbszdtwonineeightjcl9
57, "57537", fvcjzxd5sevenfivefqnvkjthreeseven
33, "33", 3cxmpzkng3
82, "82", 8x2
97, "987497", nineeightsevenfourpfzzflnp97
28, "27338", 2lkjpfhnpn7gbtztgxtnmclzdtdh33eightstbfrvxqz
88, "8", nv8
38, "3178", 3one7eight
98, "922858", ninetwortwoeightfive8ls
66, "6", shncxrjqnjttvvzvnl6
93, "93963", ninethree963
33, "33", mjcfrzjhr33csjxrtmm
57, "517", five17
88, "8448", 84bdfnptmffourfbqslsqeight
16, "183216", onegrzpdj8three2one6fsk
88, "8338", eight33gxpcqvpmeightk
62, "6952", 6fbsfclhninetqj5twobxcz
16, "1196", 119sixnjmxmvv
82, "8258142", 825bhceightone4jjdbvrzt2
33, "37673", xjchvkxxhg3sevensixseven3kmgqfmbgmbjnrq
22, "2", l2
31, "36751", 36hcmfnbmsevenfivetxhhgjdlq1khkk
82, "847542", eightj47five4sqtwo
69, "6989", 6nineeight9
22, "2", g2drvxqvpnbjfqxhl
49, "499", vglkfour9rlmhsnine
16, "156", onefivezr6rrtddnrg
35, "3355", 3threellcbhjhjzqfive5
12, "12", ggbmhzkcone2
25, "2335", 23nclcqvjdzqcrpvsmnpzsfg3five
27, "258827", two5eightddxqgpm8twoseven
38, "318", nrvtvlhrlr3tvpck1ghbvzxhjkneightgzxgtcddk
77, "7", 7lsxfjhqz
24, "284", 28four
93, "923", mninetwo3
13, "1493", 1fourfxqjpggbpb9threelj
74, "73744", seven3pzkfbqdstdgkrskqrlbg7fzfour4n
98, "93638", btctmct9three6threegkqqkcskfs8chvmcl
32, "3462", threefourskdp6twob
73, "7365683", 7three6five6eight3
56, "56", 5spkb6
34, "34", 34msnt
58, "58", 5bkqbzpgmjzeight
74, "72142944", 7g2onefour29fourfour
91, "965631", 9fgsixzkbscvbxdsfive6spjfhzxbzvgbvrthreeoneightn
29, "25549", rpbd255fournine
25, "2775", 277five
85, "877795", eightseven7sevenllninefive
31, "31", rpjcmzkthbvdflbhxxkpv3oneplglgmv
28, "258", xqktwone5jkpxvnptjeight
61, "671", 67one
33, "3", cgxfhzsnrsjp3kjgzrlbhzh
51, "57491", fiveqqjljzfcmbfqvkscpzscpseven4nine1xvjlgk
57, "51127", tflkxnml5vptclnhkgdg11c2seven
66, "6882396", sixeighttdbczshg82threepmjnxrvcnine6
95, "918175", nineone81mkltdkfgxtsevenfive
88, "8", 8zgx
42, "422", cvb4kv22gp
66, "618536", 61bjllhkblllqx8bmr5threesix
93, "91973", 9cjfgb1bxncrgfhtmg973
85, "8945265", eightninefour5twosixbsvnsndhtghtmfive
72, "7132", seven1bbfrvdcsthree2
89, "89", cfzd8hvqscjxqf9
65, "6995", sixvfkcgmvqn9vmbzccdmqqgxmfxmnqc95
87, "8257", qqrqnd8twofive7czxtjnmxx
34, "34", threebdmrlnxnlmdbzbv4
96, "9146", nm91vblgfourtsjp6
66, "696", six96
71, "791", sevenrjvbxptl9onecrlz
92, "9941192", dvdbrmchgpninenine4onedjcfoneninetwo
24, "264", hcrrgnlxftwo6four
39, "349", threehcrfknsnqmg49
23, "2663", 2tqbrkxgtdztjkdcnsix6three
57, "587", mktnzjn58qspzpqdr7
58, "5472578", dphvck5fourbmfnskkh72five78
17, "1777", one7seven7
28, "28", bmpnljsxhfmtwozrhvdv8sjsrmnzlcjvjqcfgffhkjcbx
74, "716874", 7one6874
34, "394", three9tfx4
86, "8986", eight9pqhseightndgbv6
36, "396", 39jgmbzrzkctsix
16, "1676", 1676
82, "88344482", 8xtpdhzfd8three44four8two
65, "65", sixkvlppxqktkdqjsgjgz5
24, "21364", twoonehbgsdhpxkdvnpr3ncrgbqzfvsbcdsix4
32, "3936872", 39kpdxsp368seven2
55, "5", xfljqfbz5tzpldspxvgc
42, "462", fourqb6twocfljflzqqd
55, "588975", 5889cxvxkstlld75rnlgzpgmhcmnx
84, "84", 84zxqsqvb
54, "59934", fiveksvtbqz9934
14, "14964784", onefour96four78fourkbkhdhg
62, "6132", h61three2v
95, "9925", nine9jlbrfmgjv2kkfive
97, "97", bjhktrjmfninexxnjhrvq7
77, "7", fbcxlvgkkjcmpdcz7
81, "831", mnleight3oneqqttlp
81, "8241", eighttwolffour1
15, "145", onetqfghfourbmf5
44, "4154", four1qfive4
99, "9", 9fvp
55, "5", cxxn5qzcm
17, "17", one7hzjpnvhtdq
46, "42576", pxmht4fprcftwofive7gsixcqbmrd
36, "3956", three9fivesixrdqrhcqrqbl
66, "6", 6fggvr
95, "96115", ninesixmxvdcqgxcmskl115lskkp
77, "7519167", sevenqkmqxltfive191lfbtfvzsixseven
99, "97589", ninemjnjgrlmnlseven5eight9
73, "7743", fhjjtxzksseven7fourthree
46, "426", rfjksvfour26vqbdrbxc
68, "658", 6zgkfive8mhgxbsm
16, "1696", 1njpjv696
47, "477", 4lrthsevendnsmseven
44, "49744", l4hxvjvlfpjmdbvdjzrhkhpmklnine7fourfour
21, "2981", 2qtkhnineeightone
56, "5146", fivexhrxrzxht1foursix
61, "615451", sixlzcgllrqlhghzn1hdhgltcntfivefourfive1
91, "9371", dpkzdbzsgq9threecst7znsjgdmmhx1
38, "3497388", three497lp388
33, "3", llnklrkfr3
49, "48199", ltkkv481pzhqzkmhskxlznineninekcbrphlp
59, "52771949", fivetwoseven71nineljsbc49
73, "72823", bvqsxnkpmzsevenhdpvfvlb2eight2bdxp3
14, "1464", onefour64
85, "885", 8xfdtfnqvhzkhvszeight5
32, "3342", threethree4two
52, "522", z5two2fp
43, "4483", fourvjmcghrcfoureight3
25, "29675", lhztwo9dzhpdgn675
96, "942496", jnine4two49sixskv
95, "915", 9phbnnsoneqtpvvzbx5xzc
11, "1", mtjfxzzhzdjvfmrc1
45, "435755", 4ccszl3fiveseven55lfmktz
59, "52739", five27three9mgrnjcsbpd
64, "6811554", 6eight115five4c
21, "26391", two63fjlkgninepthmone
27, "227", 22ddxpbbpdseven
77, "7", zg7
57, "53367", five3gvbthree6hjseven
69, "66589", x6six58nine
79, "788753929", seveneighteight75three9two9
13, "13", onevlpdgsnl3
72, "782", sevenmbvqmjhfnzmgsqp8qnskjzptpppbcfhck2
75, "7645", 7bpldrqr6fourpsntqbcqhfive
29, "29", twothvddvmlbqknrj9pgpsjndbrmrgkgf
68, "6338148", sixthree38onefoureightmvdtnn
66, "6", vkqcnfkkc6
69, "689", sixeight9
61, "6541", 65fouronemklfgqbpgnvlvcvhjcdkq
35, "355", three5five
99, "98129", 981gxpsgqxjktwogninezgnf
25, "24845", cfnnzfnlmfqtwofour8fourxg5
48, "4528", 45mpgbgzctwoqlsxmgs8
59, "564649", 5nhzlcb6four6pzjjlr4ninej
17, "177", gnkoneightprhlrseven7
18, "11738", 1rzsq1seven3eight
68, "699888", sixnine9eight8eight
88, "858", lcszz858
31, "33331", pdgbgjxthreethree3threeonengk
85, "829895", 8zpzpttrqtwoninek895
64, "634", 634jgvbvr
98, "98", nine8mvr
56, "57256", 5seven2psmtnmzdfivesix
53, "56963", 56ninerqrlzqvszrght6zkgtvrphpnvthree
51, "551", 5fiveone
43, "433", 43three
93, "984923", 9mdtghvfjdqqbrmeightfour92tlstxvrhthree
88, "8", b8
95, "95", ninehpnmdhjqjl5ppptrd
48, "4149838", 41fournineeightvxxjdthreeeight
25, "29875", ntwonefnsdpnine8sevenbjzxpfive
61, "6121", 6oneclxflmxvtwo1
95, "95", 9jbpfnvfsjblmxrprml5
69, "68579", 68five7sfgxjqxrcjmninerzgxnhjpzkdhxzbg
12, "112", 1vztdlnone2lhrhx
68, "6298", 6lrmdrxqlsttwovsr9eightpbmqcxn
22, "2", 2zjchhdbzhc
29, "239", tsgntwomdtsjtdrthree9
74, "7334", 7threethreedprbrvngxpfour
56, "536", fivestvv3six
69, "619", 6one9sjlzjtxxnkbckdmc
38, "38", zxqzmcz3eight
89, "869", lndh86xphvbnine
52, "5636932", fivesix3sixf93hbbptwo
33, "3", 3cxpbl
85, "8895", gsnqeight8kthxzrdkskjkmcmsknine5
64, "67294", 67twoxdqninefour
54, "557784", fivefivehtczfmrhvlsevensevennbjkvhz84
32, "382", cmbgm3eightpbmgjhsp2
56, "53996", fivepdhtcpvg3ninenlhpgdlnnine6fblsmlz
11, "1", kcnsfsfhjbcffctznvp1
44, "4", qzrkvhcds4gklftv
75, "735", xslgkktct7snbxnplbk3five
11, "179761", zspb1sevennine76one
21, "2381", twonxtngxlrftltqggpftj3eight1gsrkbbclll
44, "474", 474jxtncx
88, "8", bxsqsb8
22, "2", svsvvtzddklkrxmpd2
96, "925826", xbvjfmcnine2znbqn5eight2smvkgpclvs6
57, "57", tnlpfivem7
76, "77825166", 7seveneight2dfiveonesix6
34, "3174", fspcrlcthreej1seven4
74, "79834", 7nineeight3hzfour
93, "953", 9fivethree
47, "457", four5ggbseven
55, "5", 5hsv
11, "1", 1ppkkkhfzn
91, "91", pkfzkpv9mtktjvrssdftslonebpmhf
87, "87", 8fhfqmzseven
66, "6896", six89htmnpmqsixzvxl
97, "97", 9mbkcbnmptpkhqvvzxftss7
45, "485", 48five
87, "8811847", eight8118four7qsjb
86, "8186", cpghtgncpkkxtrvrsgl81eightcfzsjfq6
91, "981", ninecsthl8onefgpmc
32, "33152", 3threehnrone5dzcfdtpf2hdlnrxnmnhjqqqn
54, "59654", 5ninesix54
24, "29446154", lnzhtwo9446onefivefour
88, "824278", 8two427bvcdkckdgz8
67, "66357", 6six35seven
64, "626534", six2fcpzhbn6fivekm34
44, "4674", httmgldjfqnnhktmnhj4dsmffzknbq674
96, "96", 9nxrtsmqbcrgghqtx6kdnrfjq
58, "518", thhmbpjldslpthkfxcfive1zrjqtpvjs8
78, "759118", cjtbcn7five9nlpgsoneone8
78, "7681768", seven6eightx176ffrvml8
87, "8947", eight9jntmr4sevenmzjb
51, "51", mxk51gt
37, "32147", three21foursevendbvm
18, "1958", zqtdz1ninemmhkjfiveeight
98, "98", 98xlpkzb
32, "342542", 34two5four2cvtcjfdh
16, "136", jvndgrtjonethree6
93, "95513", ninefivefive1lfqjqmptxvthree
49, "49", kkxfqqkf49
31, "367351", 3sixseven3dzpvnvt51rnzljdprb
33, "313", hpzpdrnkthreekct1mqdvljhrls3
65, "6635", six6sjsljgvgzhrzqpsznh3fivejpxsvqccrc
77, "7", cpvlr7
35, "3825", tdgthree8twofivexxrvct
64, "626994", 62sixmt9ninefour
93, "97443", ninesevenfourzfzl43qssqrkktpnzjv
87, "837", 8mfztzthreeldnjgsfseven
36, "356", 356
66, "63916", 6vrlthreer9sone6
62, "6865722", sixs8six5sevenvnkgbmxj2two
86, "886", 8eightpglsknpxmsixjgqcftmvprjlcdsfks
31, "31", 3dlkbc1
51, "5581", five5eight1
79, "7749", 7seven49
13, "18423", ggoneeightgcfnfkgbmlfourdls23
71, "761", seven6jdpxxkfone
55, "5715", lfive715
28, "295268", 2ninefivej2sixeight
27, "23367", ttwonethreethreesixzbqz7
87, "846567", zmbqqcd8ztp46567
91, "9811", nineeight11
61, "63361", zhgsixthreejffqhzdfvfxjpfmjqqkm36one
52, "562", 5vgftjvqkxj6pnctdcrktwoneq
96, "986", 9ptmkf8six
58, "568", lbjxvnfiverjppbtrhf6xbdnsltlnrqsgmx8q
33, "36563", 365pxj63gshpg
54, "54", vlq5zhgj4
94, "981364", 98hc13nnrzfzschg64
26, "2276", 2twopq76kpmjdjflkqzxlvjhr
11, "1", rnvmblqhq1
83, "8273", 8j273qfpfkz
71, "71", dsevenvvdmxhhcd1dkz
94, "9624", lkqhrxkmp96fppvsdtwombkfour
35, "3175", 3one7dzpbhsrdf5
18, "15958398", 159ckggpfzlgntfrddvfiveeightthree9eightwodnp
81, "87371", eightseventhreeseven1
88, "8", mrzpk8
28, "288", fmvxth2eight8hjmfkdxjh
31, "331", 3threeone
96, "9566", nine5sixsixnzlqhsc
25, "26485", xtxbgtntwosixfour85
37, "38427", 3eighthz4twoqmlhrzsevenkcqhgrghrd
12, "12", 12ldchpqzm
56, "56966", zcfjz5sixmqqmfsv9six6
69, "639", sixlzcdtd3qlcjqzrtthnine
19, "1169", 1one6nine
17, "117", 11xqblttcrdvgb7mdqkphrbdx
45, "45", xbcc4mtgf5
71, "7431", sevenfourmthree1hgpnmvcvgshzvcsjdbqqgmt
59, "59", v5xmghdgbkvnine
27, "297", 29mkpfz7
27, "242157", jptwo4lqlrh2onefive7jhcngr
42, "46262", four6twosixsthjqpgh2
88, "8242958", pctrvkmc82four2958
13, "1283", 12eight3
78, "78", 7jbqeightlbbnpsvvdfrqccb
81, "867461", peightwo6sevenfoursixdmchsd1
55, "536595", 53dhphzvhnknt65ninefive
85, "865", 86fivegpnhl
57, "587", tpcspvvncglcsqjzlqrfivejgfl8zspdltrd7
33, "3", mhpskcvhn3bkjlmqd
13, "1243", onetwo4lxmsnddzfbxcdcscjxxrzsvvzg3nvtrpncvpmc
17, "117", fprqq1bpqxvjmblc17
49, "4799", four7ninenineksjcktcbtzsmrfr
31, "39291", 3nineccrnhtgg2knczqnnineoneqsgm
46, "4796", 4xnkljmg7lmfvrhxm96
59, "5458889", five458eighteightxcgrnine
56, "516", klrzfbrpkmtptdscktmcsqg5xonesix
11, "14571", vtmh1glhzlkmrlgfourpsbhtbrvdz57one
93, "985333", 9eight53threethreepgnc
47, "473557", fourseven3fivefq57
56, "566336", 5sixsixthreegdsrhkhdlk3six
98, "95548", v9xqhpzkfivebnjslbzh548
32, "395682", jssdslcxxv3sdhbqnine5sixeight2
11, "1", vr1
83, "814693", eightsoneqrrqfoursixzngsths9three
25, "2565", ltwoltrplmlkzz5sssjmzgcjsixfivejhms
41, "491", 49one
24, "2754", 2sevenfivethlgxmxssnvlsfst4
88, "8", 8slfnfsfk
44, "4334", fourszbtpvvlvppsqbsprthreexgrlp3zt4
79, "788139", seveneight8rhonectrmxrjvnnthreetxmfbvxtlt9
29, "25689", twofive6eight9
32, "318172", zqxpxlzjm3hmzjzgoneeight1seventwo
92, "9612", 9xbmqqtkstflg6onem2tdfsfjnxdmmzlrcnpm
66, "6", pgcxbqvvj6
63, "6893", xfsix893
71, "741", 7four1
65, "635", 63five
96, "96", tr9chvmlhhv6
22, "26452", jxc2six452
11, "11", 11zvz
17, "1114937", oneqkhstmkhb11fourninezs37
33, "33", 3mxf3slhhs
69, "667789", sixgdnljsfkfnffp67789nvgc
17, "187", sxptjdmqfv1eightsevenfpxpdnrtnqkdxhnzdm
99, "99", grdgt9ninedxnqhrts
81, "871", 8sevenxcsl1
55, "5825", fiveeighttwo5
11, "121", bgroneight2pgzdpnzgchkq1
58, "5262468", 5twozc62foursixeight
61, "661", six61
11, "181", cbxzoneeight1
25, "245", hntwonebmslklfkfgpngvffour5
19, "12629", 1262ninemdjsrdk
12, "172", roneightqnjseven2
73, "73", rmnpjzflcmqdrdseven3
27, "21587", ltwollzgvr1fiveeightjvv7
59, "54589", kkc5fourfive89
44, "4", cqnnhjxp4dtt
81, "8162961", jeightwo1fgtlfpsixtwo9pptcpmjjsixone
82, "832", 832
97, "9877", 9eightkhlprvq7seven
96, "986", ninegeightbfvnvvnpslspcmscvqcqb6
21, "261", jgksh2lkss6onexznvfhq
38, "3698", flqhlpkzjvq3qvvgvjscr6v9eight
88, "88", hrgeightwo8
39, "31389", 3fvpkbrhqchlbsxhlqfone3eightmhtxbrninerbkrsnxbjg
82, "8718952", 871eightnineq5f2
65, "615", 6jnonergcjfvkhfive
11, "147111", one47fxgvgmoneoneoneg
59, "59", 5xktmbkqftrlvztctxnqprpnine
82, "842", eight4tfvsbtmhtwol
97, "97", rbjdrmbcrs9chvcj7s
87, "812827", eight12bdzqtvnqeight27rpt
76, "713116", fq713oneone6rgrnd
96, "96", cdt96
45, "4775", dbfrd4rczmbgnmfrltdlpbseven7lqhfive
49, "467819", fourdxxkqjfpjxbcthzhbl67eightzks19
29, "24539", 2four5ntghsdcsdrjpbrtrt3bzgbtfnknine
65, "698395", tvmnjgcsixnine8zrc39five
59, "56139", 5kcbfkj61three9tsqpvzdd
76, "731426", qsmseventhreeone4twosix
22, "262", twosix2
95, "965", jzsmxs9plpsixpqxffive
64, "6374", sixthreeseven4flbct
99, "9", mpplmsrjvz9
87, "89977", 8ttgt9ninesevensevengnprjnvxpjz
82, "89842", 8gmpgvbfjcdsnkcth9bbnqsqhqqzeight42
55, "5", nk5b
45, "4986835", four98six83five
46, "4156", 415rqgdfsix
68, "668", mqrkmbvtm668
61, "645321", 6453twoone
95, "958745", 9fiveeightseven4gsshznxbkb5
73, "7393", seven3ninedgthree
38, "3638", jckgvtvrs3six3trrzfrxfnm8
94, "985744", 98fivexxdqpmv74fbthtqqfourvttxnck
56, "591446", fivenineonefour46tccfkrsrpqnxhtm
29, "219", twobdsqhnscrkbzt19
88, "8", llmccgn8
67, "681157", 6eightoneonen57
86, "8136", meightwo1cjqsm3sixlrr
92, "98842", 98842
29, "229", twofnsvbsxkxrzghhrz29
36, "39216", tzfjthreebkkljhninetwoone6zgpgsgxq
42, "48572", fournkcgf85seventwo
62, "642", 642
41, "41191", four1oneninejbstfcdgjkjtppskglj1
44, "449824", 4four9eight2tnphxvfour
61, "637141", sixjhcnxkksxthreeseven1four1
31, "345271", rb34pqtnnfive2sevenone
32, "337172", 33sevennlnhrkkbshonefnrqq72
34, "374", 3sevenfourlmqzfdjrq
49, "49", tmttpfb4mghtcpnine
88, "8", nhlqlcxff8
55, "515", fiveone5gxg
56, "51486", fivecrjmsgljxb1mqmffour8mgtdxsjsix
11, "1", 1jdkvzfmbq
66, "6", ndzqgk6
33, "3724223", threeg7twofour2twossldnmthree
53, "523", 5rsltvdtworrglclfpctml3
94, "964", nine6fourmcqbhbvlmzgnfqtbcs
52, "5892", 5eight92
92, "95432", ninefivefour3kbnmrdmxjg2
78, "738", 73vprclhthzz8
99, "969", ninettjnnkrsix9kvxjknzkmsxtvdn
58, "5958", bgzfv59fhsvcjvlgmhhzph58
37, "31557", threeonefivecgjstcmp57
96, "9146", 9onefoursix
41, "4391", sjqjvd4three91
96, "95456", 9ccdjqfivefourfive6mrnkjqf
76, "7836", 7lzdrzjheightthree6
43, "43", 43
96, "986", nineb8sixqqsxrpn
13, "15863", fgkj15eight6gggndbjxvthree
18, "1378", one3sevenlfjqmbmssgbzs8pzjptxgvq
78, "7758", 77fiveqpjpfdqteighttpfh
22, "23332", 2333twonezrr
86, "849966", 8p4cxnjvbjlh9ninesix6
95, "9495", ninefour95
62, "67272", 67twosevencktwopjcmcxr
93, "9413", 9four1threejbrdmtkzn
94, "934", ninenjhstmmmj3four
43, "423", 4lnqjqtwo3zxfznvp
67, "6527", sixfivesrxnttwochrkdrr7
41, "431", 4three1
85, "892695", tfeightwo9two69five
19, "173649", oneseven3sixfournnpkhhx9
83, "83", mdl8kfpvthree
58, "53398", fxcxgmq5three3ninehdc8
13, "1985193", one9eightfiveonernhbcxjninethree
96, "9336", 9three3fcpgxksix
91, "93469461", nine346946one
67, "67", hzkpbmdzdmsfkrbxvs6pnmqsevenlnr
65, "65", kzsgmsix5
22, "2", kdjdvvdl2
82, "82", 8lcpfkhdltwo
98, "98", xjzfbgrmvxprqpflpbk9cnpxdkgmvvjz8vbrjhxvthfsjkk
17, "157", onefive7
91, "91", tjqmxncdbmsjznine1zlr
65, "64815", 648bhzlqnlvrshdgzonefive
84, "8261724", eight2sixtdzznchf1seventwo4
72, "762", sevenzcmpbfbzdvjlztpx62
51, "5961", 5961
93, "9719253", 97192fivethree
75, "715", seven1mcxnqqzvpp5
87, "8187", 8qn1eightseven
39, "3796299", hcrrthreesevenlkvhfbj96twonine9
24, "284", two8four
16, "16", hpkttfdpgb16
11, "191721", 19oneseven2onerl
32, "34772", 347seventwo
88, "84348", eight4threempfbxbssrrkscnc4eight
53, "555223", 555qrppcplpgtworxgbgdjdhltwothree
97, "9627", v9627
22, "29972", twoninenine72tkcbk
15, "15", one5jhczrlqmhr
49, "4939", qnhr4xlckprn9x3bzrdbfrdql9
95, "995", lgtdv99kmgjjkzfive
92, "942", lrclbljqqpninerrjptvpfour2
57, "5877", fiveltkcgdvgkeight7seven
28, "2755348", twongdsevenfivefive3foureightwonn
88, "8", 8svdmkflj
43, "47423", rlbf4sevennc4jxsskjgktwodsxgtlkthree
79, "749459", seven4nine4fivezjfsjghbcninefk
36, "36", drghcjthreevstpdfth6sgqtx
35, "395", zkfthreefptvnvb9five
66, "6", gjcqspnkztlqdnzl6
65, "6981555", 6nineqzgvhcnhjxbmtkcfm8one5five5
33, "377213", threesevenseventwoqrcvpvvrdljfone3
48, "4488", v44nlcdx8eight
86, "87386", eightseven3bmfzeightzccxqk6ftlsmfp
73, "7373", seventhreeseven3
75, "783545", 7eightgvxcdxzplrthreelqgbhvpqffivefour5
85, "8155", 8coneckchx5pfive
14, "134", xhbbmsvjnonethree4
57, "547", lnktfknbqfive4seven
88, "8978", 8prvncdq97hjjltzreight
24, "24", 2dfktgjgdrvfour
91, "9161", 9onesixone
83, "873", 873lsmllvsvp
61, "61", 61dcjgpjvqxj
22, "265722", xtwosixfiveseven2two
44, "4", p4
31, "3431", threescgqlmkt43one
41, "44891", plffdq4pcqfoureight9one
36, "357126", 357qzoneztwo6
66, "66", 6ztllqsixgtfgcr
41, "491", 4nineoneighthch
55, "5797835", fivesevenninesevenvpnfkjpeightjsvtqxgrx35
86, "836", 8nsbjtjrhnv36
47, "487", 4eightseven
59, "562749", 5rksnms6fgcnrttgl27four9l
33, "3", 3gknvvffflfgdg
81, "898321", 8ts98n32one
42, "4342", 4vmvthreefourmttwo
75, "7195", sevenskfmmmsjone95
74, "7425164", seven4fmnxskg2516four
73, "7833433", seveneightzjdnjthreethreefourpj3three
23, "2814433", two8one44three3
85, "8327125", bffeightwo3twosxljzljbllrtttzsevenxfonetwofive
54, "58574", 5eight5sevenfour
44, "4", 4fkxqm
77, "7947", 7nine4seven
66, "683756", 6eight3sevenfive6pxjlschvhm
58, "59788", 5nine7spbqddhrqcbzrvhkrt88
48, "488", cnpbkmbfour88
48, "4128", 41twoeightlgcjfvms
99, "96349", hktvctnine6mzccvthreefournine
11, "16651", 1dr66mg5one
54, "574", five74
81, "858621", bsrrldft858six2oneightm
67, "687", mmsvhxsm68seven
43, "4593", lnjcnn4fiveninerlsqkcn3
23, "24957823", fgzjrlmfjktwofournine5782three
11, "12859411", 1two8fiveninegndtnzndf41one
45, "41915", kstskp4one9ponejlcqdvgkkdfive
42, "472", four7two
44, "4434", mzcbhhxgkfourfour34
39, "379", qvhnpbmvdbgxbnhcgthreesq7dvmdnhl9
11, "1", 1jhmkdmmmjg
61, "6981771", 6xzpvzvqbrnine8gg1771
69, "619", sixone9qvfft
66, "6815226", 6eight152two6sdbl
77, "77", sevenjlpmzv7
55, "5", jntrfc5
44, "4", ztspfjhk4
93, "943", 9fournlslrmlr3
25, "25", 2kqsxx5
31, "39751", 3nineshlmjsevenfiveonellrtr
72, "7292", 7hcxxjkbsvknbmtwotninesrpsszktzjlntwo
11, "1681", fv1six81
16, "124866", onetwo4eightsixjkgmtvxptnxltqtptncfsix
85, "813895", eightzvmmone3eight9dglsqq5
47, "47", jvqs4sevendl
58, "55163178", 551six3oneseveneight
55, "54775", 5jtcbrmtbjmrb4sevensmmrctntvz7five
94, "954", 9lrnfive4
26, "256", twoxfltgdg5six
14, "1438384", one4threeeight3eight4stlp
25, "2956895", 2rpxk95sixslsc895
75, "715", seven15
12, "166972", 1sixsix9sevenkhlnhqtzptwovzrmbr
26, "2556", two55six
23, "243", twofour3
83, "8658173", eight6fiveeightbmrr1sevenk3
47, "457", 4flbntjtfivepzkjplzxn7
66, "6346", ljnpmnskjsixthreehpqdkccffg4sixfszddbz
97, "9137", 9gfsqhmonelgvxpkmnhldmthree7
59, "59", 5vthvsrcbxbcrgqnine
62, "6692", six6nine2v
74, "736744", htnvsfmz7dtvthree6sevenfourfourrmsdfhkd
24, "24", pb24
43, "453", sbmmdnfvmlfourfivenvcnb3jrctctmrhm
24, "241524", 2fourone52hkjvd4
18, "148", 1bhpbmxhtr4eightwolkd
55, "5", 5qrqbxtgppvvcms
42, "432", mgcgxpmj4dl3zfckcskbqnsknlctwonxsddvhl
62, "6661262", 6zfv66onetwosixtwoxdx
66, "676", 676jmzcdbcjnfrlrgqzfkmdxz
14, "14", oneqhgcqjmjq4
38, "3698", three6qvlkksf98
53, "5661483", fivesix614s83
36, "3192836", threeone9kplvzq28threegcmtrzzlsix
57, "5357", 5lxcjrvbthreednttcxfnfiveseven
32, "3857542", threeeight5seven5jlhhfour2
66, "66", xcppxkxqffc6six
46, "41716", fouroneseven1xrdtbvdsix
22, "2", vfqzhvzclbpj2
55, "578525", 5seven8xlhfivetwofivedvlbtvzvs
76, "7776", 7bjlrvnncgsseven7six
33, "3", 3qsnhs
25, "2545", 2fivefour5
11, "1", gjgzjs1s
39, "39", vxhlxvgj39
39, "3169", three1lvnrfrbzj6nine
12, "121122", oneftpcjskxzhv21one2twomshxlh
96, "936", nine36
98, "92748", ninetwojfqbjkbtrfseven4nkszvtjnffeightwoxdd
84, "818514", eight1eightfiveonerzr4
74, "724", sevengtwokzcxvvg4
53, "5988463", qxkmfdznfive98eightfourprmsixthree
16, "127436", 1two743six
22, "274662", 274sixqqq62j
67, "6444187", sixfour4fourstxrskpxc1eight7
28, "24112218", 2fourrzngcnlm112twoone8
19, "1859", nnqfmonerrpxeightfive9
24, "24", klzrfbxjnznzkt24pjngplcdlftjz
68, "6638", 66gbsllhhgxn38
34, "384", threelzzrxspvq8four
18, "1318", qtvtpqspqflonetfrzvkthreeone8gsjqzgnv
92, "9742", 9vhlxrqtdmzrpfqh74zsgnmsdlqgcp2
31, "3587611", qkkkhxbrk35eightjpnmb761one
42, "444492", 4vp4four49two
55, "56665", five6nrmvcfzlt665
18, "1968", skkqlzl1mrkgncmqnine68xvhfcsc
26, "2176", two17kbjcdsstlxst6
42, "4832", foureight3twonglgrv
65, "695", 6nine5
95, "975", pgcmqzcfninepbgcrbzseven5zplhhbrjbpxj
79, "766429", sevensix6fourtwonpninebt
81, "879511", eight7951one
35, "3674385", glvndtgdfkzzcbsmt36sevenfour3eight5
51, "5491", dtvgrkkzvhflhcsknhsccmxzgfivetcpz4zrcl9one
38, "319788", jpg3onenineqzjseven8phltdpjrsr8
61, "681", 68one
76, "71276", gctzfjksevenszfblxone2seven6pd
92, "93942", 93nine42
27, "219497", two19four97crzhqndbqpmpvj
34, "364", 3six4mrntvlzntmqgcmms
11, "1", 1gmpdqpfkkz
34, "38814", xmsv3eightmdnqkdtzn814
35, "395", 395zqfqrgzs
91, "9881", 9eight81cpnvrkkl
71, "75411", 7rddzbqfm5fouronekxkhlgf1
87, "8697", fkclxddmxrpqzhqeight697
26, "256", 2mtvxtgq5six
36, "3196", 3one9qvnpnmhzj6
34, "3694", rvvf3six9fourrq
25, "2855", r2eight55gvgpfs
22, "25512", dtztwofivefive12
31, "362271", three6zfqhnjzvr2twosevenoneightqp
84, "8297424", sgleightwo2974c24
44, "45114", pplpgxnvzfpv4xlfive11four
51, "581", 58one
69, "61429", 61four29
88, "8858", eightgxcgbrzd8five8
15, "116565", jxdzbxcc1one6pfivesixfiveg
23, "25423", two542cvjxvmhhthreexkl
34, "384", three8nhzz4
73, "77171423", sevenseven1seven14pxtwothree
83, "893", mpdcbdjkp8ninethree
49, "4399", fourthreeg9pnine
14, "16454", onesixfourtckbkjdkqbfjkgpk54
12, "122", qxh1twoclvzvsvgk2dvpkncltdt
58, "54988", fivefourhjckmndtdp98jzgqvrhbhxeighttdxkjltrdq
24, "2964", 296dvxdxhdb4qbnmkzxh
24, "284", djsrgct28vjkvsttnlf4
72, "791442", 7rhdkfvqbxninegnkbgcqv1four42
75, "78775", seveneightdcb7sevenpdvqlmkvfive
35, "39835", 39lr83hhhrfivexbhr
38, "3268", zx32sixeight
77, "745537", 7hsxxzjjdh4rc55threeseven
53, "51727423", 5oneseven2sevenfourtwothree
95, "9137255", 9oneqc3seventwofive5
56, "52556", five2hnfkvsxmhjfivefivesix
36, "3695936", 3sixnine59three6mncxxxhkgxzlxscdzplm
84, "8936264", eight9three62sixfour
21, "26441", 26hfc4four1
39, "39", jrnxgrvrctbg3nine
47, "4735827", four73dqfiveeighttwosevenknq
95, "94985", 94nine8fivevnvlnf
25, "279965", twopg79nine6kkpfgmpdlqhfc5
54, "511214", 511twogghonefour
89, "8779", bvdneightsevenfcjnhccrlb7nine
18, "168", lpfoneightfrnsrpgkzsixv8
11, "177981", 1sevenseven981
54, "53534", 53kvftth53fourc
81, "881", zcmkkshveighteight1
96, "96", 9sixcrfzhfxzzrrdtkscp
89, "8539", 8fhslkqzsc5jlpthreeninemjftx
49, "41849", rsfourfkglt1hfvhgeightfourvbmsnine
65, "6955", sixninefive5
22, "282", 2jqdfddkzzqxnkv8two
78, "77518", sevensevenmxhpqvmngfivecnhvg18
36, "399316", threesxrninenine31sixnmnssk
44, "4664", kzvvsvbjrfoursix6four
99, "99", ckvmxptpxrvpsfvt9nine
67, "6691997", 66ninezgxttq1nineninexggjrtzgg7
25, "22895", two2eighthsrnine5pmptccfkfcpcmkn
77, "717", seventqsqhbftscfonekdhrctnlcfdgzhvshsjgsbq7
91, "91", nine1mdpxvlxkdx
42, "482", pm4eighttwo
85, "81395", 81ggljdxsthreeninefive
23, "259393", twofivenine39three
66, "61526", six152sixp
37, "322557", threemztwotwo5fiveseven
38, "312968", 31twoninefsxmpsjx6eight
73, "7281533", seven2deightone5threethree
47, "47", hxmthvjphjdgctfpt4dfhxseven
48, "4288", 4twoeightzx8
97, "977", 9dzbjqnnmbseven7
41, "4551", crdtprqs455onedmzvkzmmm
11, "1", jqcxsxblgml1
97, "93277", 9sbqzndbsx3twoseven7
84, "883634", eight8threezvvqbrsix34
42, "462", ztzlrsg4qghxkvspvcsix2jndhxzfrm
63, "62243", 6twovjkjgptwo43lg
17, "187", 1psnbrkbhb8seven
49, "45979", xfxqjrggpmtf4fivenine79
61, "61", 6pdv1xpsgr
47, "47", zb4rqrqxsevenvklzmslqls
47, "417", fourlstone7
59, "531889", 53joneeight8ninef
15, "1315", 1315
14, "14", 1qj4
88, "854148", djeightwocxrnf5fourone4eightbqj
55, "5", jrgxvsmnzg5
27, "257", twonsjbzvtqhgfivejdhxstbzrbtpndnjlvb7hhxfmrxtfxrcmjs
62, "672", 67xbctwo
77, "7", 7nbsrhcvrqj
99, "9468539", fqnl9foursixtdgbcncr85three9
43, "43", gmg4mr3rvdt
14, "194", 19qhmhvpzfour
68, "68", pkptr6lssnqxncztpbt8
54, "527114", sjqtxbxp5twoseven1onerrsqghcfpncgkfour
73, "748483", 7four8spgzfoureightthreedqp
29, "29", two9bxlqs
88, "8938", deightwoninethree8
33, "393", 3plpprmmhvvsnvdzjzr9sqgbddpghthreejjmldhdqqm
74, "7574", sevenfiveseven4bkvxkzqbtxjvdsltfkn
78, "78", sevenssfkdmvmntpxjpqlj8px
49, "49", 4hk9
57, "57867", fivenxcmhf78pmdd6mmqfvdxqbh7
57, "5957", five9hvfive7
81, "844261", eightfourrpflnfourtwo61
32, "392", threenine2
91, "9121", ncdpjqcnine1twoonehglvzpzf
36, "38416", jmtpbhbshrvmhvqt38brsqpxn4one6
16, "1674826", onesixvmmhsevenfoureight2six
23, "2659383", ttwosix5nineb3eightthree
33, "3", cmkdmhkdf3zdhjfmb
35, "355625", three5fiveqrrxrdtsixtwogntmvxsggqfive
12, "18585382", oneeight5eightfive38twonegv
92, "9242", cqlfhlch924mpmqfvtwo
52, "54352", jrnzg5four3fivetwokxphktf
79, "78919", seveneightmzmzftx9gsmxjkj1stjbvxlvmlcdgnine
26, "298936", twonineeightninethree6blhm
31, "31", 3kskponetfgjgzphqtr
22, "22", ntwo2
52, "5612", 5six1vksjzrlgjnxtwovbkrdlhjsmzdxcf
22, "264532", twosixkfmcfndlj453two
62, "6522", six5twotzbzqtwo
52, "5452", fivenpcqfour5twonej
92, "994142", nineninefouroneztvqspscnk4twoklbht
12, "194482", bqcbm19hckcgtcfkb44eighttwo
58, "52598", 52jcrbqbkhjx5nine8
53, "533", 5threethree
39, "3239", 3twotrnnlstrndthree9
18, "15728", 15zsnrfshn7twoeightsmvsfztx
79, "789", 789ckpxflvkr
93, "9983", skxlnpxxdgbhqnineninejsltrx8three
14, "161724", 1sixone724
24, "274", 2seven4
77, "737", 7knspxrzszdbgc3seven
58, "56698", vsqmpf5sixsix9eightdtgmpxrksb
35, "362115", three6btwo11fived
92, "97272", bckqdndnine7bpzvkxkdqtwoseventxpzqg2
16, "16456", one6ntmlmfkfmjfourmgddpzfr5scjhhmgsix
41, "4125171", four12mlhdscsxfiveonesevenlone
99, "9", 9rdlctlkc
15, "115", 11vjvjsllfivenv
25, "24645", 2four6fourfive
53, "533", 5czmqmdkkthree3
79, "759", sevenfive9
79, "759", sevenfivemqjhqh9mvdkgtr
99, "9", glvpdbbhxs9
43, "423", four2three
66, "66", six6gtdbttnhvkvh
53, "568123", 5fcsbnpsixeightonetwo3
56, "533556", 5psvznthreethreefive5qrkftfkqsix
36, "36", 36lmm
72, "733142", seven33onefournlr2
17, "137", 13seven
13, "16173", onejdxgxjpcsix1sevenpzbzthree
72, "76292", sevenqcjsxz6twokkpzllzqninetwo
18, "13678", 1367mtsldgrdeightp
59, "51119", five111hbp9tlqp
32, "3971622", threebbnine7onesix2twoneg
17, "187", mxmpnxmpqponeeightktxvgkcdr7
44, "4114", 411fourdhrdvrz
57, "58667", zxkmcr5eightkzqsixsix7
62, "697282", six972zleighttwonvgvth
26, "276", vnmmbzfpttwofnjd76
26, "239166", twopnthreeqzlvkptmph9vnkbxghnone66
94, "915934", nine1fiveninethree4
62, "64242", mdrdpbsfcjsixpnxfour2four2
28, "218", sgjrdtmzcj2mbnlbtqsdboneeight
92, "92", 9jbmhchfrnfqvxcjtwokrbjvzmcxrj
44, "474", 4jhjksqvnqsevennfrtslcgjbrhfour
61, "688561", 6eightlzrrxfbcjeight5six1kzhtpbz
36, "336", jqsmqbzpntxdfvdthreezrqzdhthreefmvslxk6
82, "882282", eight82two82zqghmbd
24, "24", qtwone4d
66, "6316", 6three16
96, "986", 9eightdmtkznh6
15, "1185", znc1185
82, "8866552", eighteight665bxbngx5dvht2
93, "97833", 9seven83three
42, "4392", mqdnhqfdgzfshjttvfour3hq92qtpdblnvdsxcskz
28, "245648", twofourfivedfffknb6ljxjlsq48
64, "64", 6pbdfrqpfour
92, "92", vmtkqpjftc9twonej
93, "9583", rhcstmvxdnjgldpmlmsnineglmkntfiveeight3lgnlqmjkzl
25, "2245", rxzbjxjhkvhtxps2twohlcdgkrbdbmxvpf4five
12, "1392", 1three9two
24, "234", bp234jszvspdq
37, "3857", rcmhnmb3lpxneightfivetn7
44, "4614", srdh461fourcrhhkbxftghxqrptn
84, "894", rlhlrm894
29, "29", jtmmljgmmppknktqrbjtwod9
75, "75", 75kvnbm
18, "16218", psbcdponesix218
52, "532", ndx5zthreetwokjjvzkjk
14, "1772234", onerhnmsxmseven7two2snn34
66, "6", nvmfj6hqdspmndlzqhrrznrpcgn
51, "5581", lqqgdmn5fivesfbqhveight1
13, "152543", one5pjpskd25four3
92, "9133452", 91dxxjkrthreethreefourfiverrdhqtwo
38, "3758", 3sevenhbrznfcqmfivepqnmzxvlldhfdrvkqfmxzx8
92, "9432", lrfflx9pvrfctxkxk432
91, "9341", ninerhjlqfzg3fourbvfkbmxbntz1
68, "6368", 6dkgtthreebjfgjqnv6lveight
71, "752761", seven527rgztslznxdkgrgf6one
57, "5777", npchxbnb5zpzrllhx777
48, "448", rfour4qkvcxsbjnveightwogm
45, "4675", foursixsevenppnrdgpnrkbr5
34, "334", 3three4lm
17, "147", 1dmxvfour7
58, "518", fiveh1eight
63, "643", 643
53, "52363", fivelsffmhsldlfkqkb2threek6three
29, "2394799", 23dpbpjcsqslnine4799
55, "525", shvkdvntpmvt52dvclb5bjdj
87, "857", eight5sevenfbjrpbdsdzhnc
23, "263", dv2vqtqghlkprxx6three
44, "4164", four1six4fnznbcdghfzpd
81, "851441", eightfiveone4fourone
25, "275485", two75four85
31, "3331", 3331
97, "9817", 9eight1seven
94, "9374", 9threexbsevenfour
21, "2281", 22meight1
72, "752", 75two
52, "5612", five6onetwordjsgltj
11, "1791", oneseven9one
77, "758697", djljfzv7cnpnvhmqkjgn5eightsix97
38, "38", three8xpskzk
72, "76222", nzgpp7fdcl6twotwochsgztwo
13, "1433", 1tfvvmzfd4threekgqdthreesfxjggmszz
74, "7886494", 7krlgg8864gfp94
33, "3", 3xxpkqxfxcn
86, "8426", eighthl4cctb26bppqpsc
85, "85", eight5rq
54, "54", hncmdrmfive4
66, "6", qml6mmx
88, "838", qpckxnrjbdlprhmrqeight3bcjtghrrfvczqxeight
95, "965", nine6five
46, "426", fourmnzrtwocvdkmlc6
36, "36716", 3sixseven1mnbdqfgcqqcpsix
99, "9249", ninekvxrhk2jjjrdlqf49
73, "77743", 7seven743
15, "15", xnrz1m5
72, "782", cseven8pg2
66, "6", hxbfzndh6nltvbv
77, "727", 7zxdkghnzrzljlqftwo7hfmptrgd
55, "5", 5jltxrmxn
99, "989", 9eightqskgfndxsgmsrprhsvnninellts
88, "88", dz88
99, "999", 99nine
24, "24", rphppqzzxk2four
28, "28", 2nzeight
42, "4442", four44two
28, "22821548", qtwonetwodgbhqmtzf82onefive48
65, "65", 6fivedhmv
27, "287", xsvpdrtvr28ltsjseven
47, "464617", foursixfour61nrseven
26, "236", qrhtwone3tmtsixf
26, "2396", sqjvg2pzbzpgthreenine6cpsq
45, "41625", jlvnsbshjmxnxfouronesix2zlff5
11, "1", rzxkpczkn1bkcfbpbcb
95, "995975", 9nmkljlqmd9fivenine7fivexndtdghpc
63, "62733", 6twovgpsevenmzcbjtnd3threegmsltfhrgq
49, "44839", fourmktnjsk4839ljqvqf
41, "47711", 47hcbcnhjgxhdfn7rrbonehvlmddbone
28, "2628", 26fchgtdnbtwo8jpqxkb
75, "755", 7dxtslxqkbqfivefive
62, "697252", sixnineqnjmseventwo5gh2c
38, "3188", three1eightvxeightwogrd
25, "22965", twotwoninesixxdvrxv5
67, "611177", sixonetqddfmone1seven7
48, "4799488", fourseven9ninefoursxnnnfcbtb88
24, "234", twonpbnblrh3qckkxckflprdnr4
67, "68227", 6eighttwo2sevenqml
31, "31221", three1twotwon1cjfnnnlptc
41, "424491", tlqtgktgjtgfour24four91
76, "75676", ghseven56sevensixhfstvk
81, "846681", qd8fourvmvgmssixsix8oneightps
96, "96", jjvhthplcgzdndmrnxmctrtnndmzztnggr9rspflsix
32, "3952", jqk39fivetwo
93, "92623", nine2sixrtwothree
15, "166695", gccjpxtcxfone6six6nine5
77, "728877", 7twoeight8flzqk77
88, "8", mjljctdbg8
68, "638", sixthree8
88, "88", bbdlvtsjhjst88
84, "844", dklhhhlpqqxlgdzzheightjntbmlfour4
56, "56", ggrbl5cthnzlsbjssixpt